id,callproviderID,phoneNumberId,customernumber,type,started,ended,milliseconds,cost(stt),cost(llm),cost(tts),cost(total),cost(twilio),cost(totals),ended reason,transcript,recording
da7bbfcc-92c2-46ec-97b7-66d9766722d8,CAc28bf64f1dac8c89bf06de7ed93ecf8e,dd105112-c88d-407c-8139-11f1883c98db,+919784306503,outboundPhoneCall,2025-04-06T16:49:11.173Z,2025-04-06T16:49:55.652Z,44479,0.0000,0.0000,0.0000,0.0000,0.0000,,silence-timed-out,"AI: Hello, Tanmay. My name is Maya from Interior. I am reaching out regarding your interest in our premium interior design service We specialize in creating beautiful functional spaces tailored to our clients' unique needs and preferences. I'd love to learn more about your project and see how our team of experienced designers might help bring your vision to life. Is this a convenient time for us to chat for a few minutes about your interior design needs?
",https://storage.vapi.ai/da7bbfcc-92c2-46ec-97b7-66d9766722d8-1743958198153-7bf384ce-f351-4dff-8daf-7bcf91f29472-mono.wav
0051d31b-2257-42b9-84f6-c088a9dc58f6,CA500ff8692093e1b5aa92d32eb6b352ed,dd105112-c88d-407c-8139-11f1883c98db,+919784306503,outboundPhoneCall,2025-04-06T16:51:17.366Z,2025-04-06T16:52:01.289Z,43923,0.0000,0.0000,0.0000,0.0000,0.0000,,silence-timed-out,"AI: Hello, Tanmay. My name is Maya from Interior. I am reaching out regarding your interest in our premium interior design service We specialize in creating beautiful functional spaces tailored to our clients' unique needs and preferences. I'd love to learn more about your project and see how our team of experienced designers might help bring your vision to life. Is this a convenient time for us to chat for a few minutes about your interior design needs?
",https://storage.vapi.ai/0051d31b-2257-42b9-84f6-c088a9dc58f6-1743958323791-b3bf772a-63d3-48f0-914b-33f9e0741837-mono.wav
0c1048f3-5453-4ace-a1c6-b4b3984fb3c4,CA42d0b326f038809b6dd035d284b0a23e,dd105112-c88d-407c-8139-11f1883c98db,+919784306503,outboundPhoneCall,2025-04-06T17:02:16.409Z,2025-04-06T17:05:39.787Z,203378,0.0000,0.0000,0.0000,0.0000,0.0000,,assistant-ended-call,"AI: Hello, Tanmay. My name is Maya from Interior. I am reaching out regarding your interest in our premium interior design services. We specialize in creating beautiful functional spaces tailored to our clients' unique needs and preferences. I'd love to learn more about your project and see how our team of experienced designers might help bring your vision to life. Is this a convenient time for us to chat for a few minutes about your interior design needs?
User: Yes. We can do that.
AI: Great. I'd love to hear more about the space you're looking to transform. Could you tell me a bit about what you have in mind for your project?
User: Yes. So I basically want to transform my living room into a black and a modern design.
AI: That sounds like a fantastic vision. Modern black designs can create a very sophisticated and striking look. To better understand your project, could you share the approximate location of your property, just the sector or colony and the city would be helpful at this stage.
User: So it's basically located in Pune, Vimanjagar.
AI: Thank you for sharing that. While we're based in in Delhi NCR, we do take on projects in Pune with some additional considerations for site visits and coordination. Next, I'd like to understand your budget for this project. For projects of this nature, our services typically start at a minimum of RS 30 lakes for turnkey residential. Designs. Is this something that, uh, aligns with the budget you've considered for your project?
User: Yeah. My budget is 40 lakh.
AI: That's great to hear. With the budget of FastRelax, we can create a truly exceptional space for you. What's your time line for starting this project? Are you looking to begin within the next month? Or do you have a longer time frame in mind?
User: Next month only.
AI: Works well with our scheduling, and we can certainly accommodate a project starting within that time frame. Are you into in a complete turnkey solution where we handle everything from design to execute Or are you looking for, uh, specific services?
User: Yeah. Turnkey solution.
AI: Our turnkey solutions are designed to make the process seamless for you. We'll handle everything from conceptualization to the final styling. Could you tell me the total square footage of your property?
User: 2000 square feet.
AI: Thank you for sharing that. It gives us a good understanding of the scope. Based on our conversation, I believe our team would be an excellent fit project. I'd like to schedule you for a consultation with 1 of our senior designers When would you like to schedule a call with them You'll receive a confirmation email with all the details. And if you have any before then, please don't hesitate to reach out.
User: Yeah. Sure. Tomorrow, 3 PM would work.
",https://storage.vapi.ai/0c1048f3-5453-4ace-a1c6-b4b3984fb3c4-1743959142295-1efb8650-1df1-4b91-a291-455f99868e4d-mono.wav